{
	"name": "workspace",
	"version": "1.0.0",
	"description": "Welcome to the course template repository. This repository serves as a starting point for all assignments and projects in the course. Each subject has its own directory, and we will be using JavaScript as our main programming language.",
	"main": "index.js",
	"scripts": {
		"lint": "eslint .",
		"test": "jest"
	},
	"keywords": [],
	"author": "",
	"license": "ISC",
	"devDependencies": {
		"@babel/core": "^7.25.9",
		"@babel/preset-env": "^7.25.9",
		"@testing-library/dom": "^10.4.0",
		"@testing-library/jest-dom": "^6.6.2",
		"babel-jest": "^29.7.0",
		"eslint": "^8.57.0",
		"eslint-config-airbnb-base": "^15.0.0",
		"eslint-plugin-import": "^2.29.1",
		"jest": "^29.7.0",
		"jest-environment-jsdom": "^29.7.0",
		"jsdom": "^25.0.1",
		"node-fetch": "^3.3.2"
	},
	"dependencies": {
		"eslint-plugin-jest": "^28.8.3",
		"ws": "^8.18.0"
	}
}
